<?xml version="1.0" encoding="UTF-8"?>
<project-private xmlns="http://www.netbeans.org/ns/project-private/1">
    <editor-bookmarks xmlns="http://www.netbeans.org/ns/editor-bookmarks/2" lastBookmarkId="0"/>
    <open-files xmlns="http://www.netbeans.org/ns/projectui-open-files/2">
        <group>
            <file>file:/D:/project/tw_spart_final/web/templated-ion/Test_check.jsp</file>
            <file>file:/D:/project/tw_spart_final/web/templated-ion/fail.jsp</file>
            <file>file:/D:/project/tw_spart_final/web/templated-ion/expert_test.jsp</file>
            <file>file:/D:/project/tw_spart_final/web/templated-ion/index.jsp</file>
            <file>file:/D:/project/tw_spart_final/web/templated-ion/css/style.css</file>
            <file>file:/D:/project/tw_spart_final/web/templated-ion/pass.jsp</file>
            <file>file:/D:/project/tw_spart_final/web/templated-ion/test_result.jsp</file>
            <file>file:/D:/project/tw_spart_final/web/templated-ion/login.jsp</file>
            <file>file:/D:/project/tw_spart_final/web/templated-ion/suggest.jsp</file>
            <file>file:/D:/project/tw_spart_final/web/templated-ion/expert_test1.jsp</file>
            <file>file:/D:/project/tw_spart_final/web/templated-ion/home_page1.jsp</file>
        </group>
    </open-files>
</project-private>
