<?xml version="1.0" encoding="UTF-8"?>
<!DOCTYPE hibernate-configuration PUBLIC "-//Hibernate/Hibernate Configuration DTD 3.0//EN" "http://hibernate.sourceforge.net/hibernate-configuration-3.0.dtd">
<hibernate-configuration>
  <session-factory>
    <property name="hibernate.dialect">org.hibernate.dialect.OracleDialect</property>
    <property name="hibernate.connection.driver_class">oracle.jdbc.OracleDriver</property>
    <property name="hibernate.connection.url">jdbc:oracle:thin:@10.212.0.224:1521:XE</property>
    <property name="hibernate.connection.username">DAC15_150840320096</property>
    <property name="hibernate.connection.password">150840320096</property>
    <property name="hibernate.show_sql">true</property>
    <property name="hibernate.hbm2ddl.auto">update</property>
    <mapping resource="Bean/hibernate.hbm.xml"/>
  </session-factory>
</hibernate-configuration>
